HE Provider,No of publications,Academic Year (start),Business and Community Servicies (Income),Continous Profesional Development and Continous Education (income),Collaborative Research (income),Intelectual Property Rights (income),Total comprehensive income for the year,Total staff
The University of Oxford,19466,2022,267383,178143,53125,75382,11698728,119120
The University of Oxford,19863,2021,296893,193662,32702,74627,11100960,115960
The University of Oxford,16703,2019,215162,139674,41198,74118,10145248,115080
The University of Cambridge,14164,2022,184578,70012,19352,15785,10073020,99720
The University of Oxford,16512,2018,200576,156610,30493,56094,9800544,112240
The University of Oxford,18188,2020,228655,158397,37170,63302,9798020,114600
The University of Cambridge,14953,2021,182808,74732,23923,11816,8952240,99720
The University of Oxford,16116,2017,191624,166880,33938,52947,8947692,106760
The University of Cambridge,13245,2018,64589,100000,32737,8061,8768212,97320
The University of Cambridge,13810,2020,181268,84602,26696,11200,8707520,99100
The University of Cambridge,13053,2019,173836,89243,31788,9603,8299560,98480
University College London,19821,2022,111154,65313,95492,7941,7873376,129480
The University of Cambridge,12961,2017,60181,83510,25384,8103,7859024,94200
University College London,20402,2021,104849,61120,106278,5253,7007116,125280
University College London,18302,2020,82650,71068,92923,7312,6437804,119640
University College London,16842,2019,81768,57371,99452,18057,6174964,106840
University College London,16667,2018,95853,73583,102836,6780,5948316,104600
University College London,15957,2017,87891,90083,78256,7623,5804464,103200
The University of Edinburgh,10063,2022,85358,31204,94038,3870,5538912,128440
The University of Manchester,10384,2022,60924,352959,58265,3307,5378660,91000
The University of Edinburgh,10271,2021,50057,38542,94276,4071,5189772,122760
"Imperial College of Science, Technology and Medicine",15372,2022,121119,96155,79582,3932,5075408,69020
King's College London,12650,2022,42609,139777,12760,1688,4919836,85660
The University of Manchester,10632,2021,56719,389588,87513,4893,4868508,87860
The University of Edinburgh,9536,2020,48487,58090,90647,1668,4749624,124080
"Imperial College of Science, Technology and Medicine",16506,2021,121380,76922,105112,11515,4652772,68460
King's College London,13644,2021,43184,249494,9826,1549,4597004,79680
The University of Edinburgh,8848,2019,42809,57752,84961,1147,4501284,120880
The University of Edinburgh,8536,2018,41222,47410,77603,1765,4406016,115280
The University of Manchester,10214,2020,33746,328995,90795,7391,4401284,84400
The University of Manchester,9550,2018,71646,296075,96397,1832,4391556,87400
"Imperial College of Science, Technology and Medicine",14942,2020,116227,67207,104690,3127,4316876,68800
"Imperial College of Science, Technology and Medicine",13286,2018,112438,26722,67129,3717,4295016,67680
The University of Manchester,9588,2019,56690,252222,92842,1548,4256784,89680
The University of Manchester,9291,2017,82431,265992,80905,2573,4236640,85600
"Imperial College of Science, Technology and Medicine",13084,2017,115006,20704,77839,1915,4132272,66200
"Imperial College of Science, Technology and Medicine",13693,2019,115098,50622,106272,3017,4105460,68920
King's College London,11992,2020,46720,217484,12956,1870,4002148,73240
The University of Leeds,6398,2022,76145,38205,42329,642,3941116,73800
The University of Edinburgh,8471,2017,36441,31598,61058,2391,3937248,110560
King's College London,10868,2019,56348,211587,9069,3035,3856700,76420
The University of Glasgow,6981,2022,75873,16764,38625,2231,3808784,78800
The University of Cambridge,12804,2016,58283,92278,82031,15408,3739850,91060
The University of Bristol,6856,2022,68240,6925,54857,504,3736588,69500
The University of Leeds,6682,2021,71922,86636,54241,549,3718140,70040
The University of Glasgow,6819,2021,111351,18010,38638,1911,3717432,78280
The University of Birmingham,6926,2022,112129,8644,18986,1001,3714864,
King's College London,10743,2018,57175,206959,30934,1224,3607860,69660
The University of Cambridge,11926,2015,59558,97050,94073,12553,3598944,88360
The University of Birmingham,7235,2021,114815,8612,14960,1249,3551760,
The University of Sheffield,6020,2022,56903,16720,101366,55472,3547804,65220
The University of Bristol,7071,2021,51379,7138,51981,485,3433940,66280
King's College London,10340,2017,52650,170919,36983,2220,3364120,67100
The University of Warwick,5249,2022,36363,23090,57771,349,3357676,64400
University of Nottingham,7963,2022,62082,9416,77108,1386,3291360,
The University of Sheffield,6357,2021,58794,23197,98911,41467,3289588,62680
The University of Glasgow,6439,2020,99722,14590,29087,1645,3252308,74240
University of Nottingham,7992,2021,61171,16264,72971,1022,3207332,
The University of Leeds,5858,2019,70830,114432,46525,645,3176204,69240
The University of Leeds,5823,2018,77240,47471,42904,996,3167400,67520
The University of Birmingham,6635,2020,81230,2216,11408,493,3142844,
The University of Warwick,5222,2021,34944,37752,55502,448,3115832,59440
The University of Bristol,6696,2020,47471,5779,43823,634,3107092,61640
The University of Leeds,6026,2020,60057,72382,42566,912,3016372,68680
The University of Birmingham,6194,2019,71588,2172,6271,492,2994316,
The University of Sheffield,5912,2020,55230,26121,100900,33203,2976052,61280
The University of Sheffield,5684,2019,58013,28644,89718,26526,2950224,62800
The University of Southampton,6030,2022,85246,6808,44081,2413,2920176,49980
The University of Birmingham,6064,2018,72226,11562,5884,279,2865184,67200
The University of Sheffield,5764,2018,60445,41112,79911,17329,2862800,59760
The University of Leeds,5518,2017,75617,38620,40868,860,2858336,63400
University of Nottingham,6878,2019,53841,17186,54154,1234,2841976,
The University of Bristol,6501,2018,49886,8916,37712,639,2827564,58680
The University of Bristol,6662,2019,45616,5457,36683,527,2826504,60920
The University of Warwick,4843,2020,36206,25123,55184,275,2814796,58760
University of Nottingham,6755,2018,55730,15170,63106,962,2804932,63320
The University of Oxford,15468,2016,188095,47251,32397,7364,2800762,105540
University of Nottingham,7486,2020,57531,13836,68621,917,2784512,
The University of Sheffield,5971,2017,67928,37889,48456,12352,2767020,58120
The University of Glasgow,6159,2019,47938,19546,23580,1799,2760424,68640
The University of Warwick,4709,2018,41168,16072,50177,248,2754088,54520
The University of Glasgow,5857,2018,42850,19148,31311,1511,2751584,64120
The University of Birmingham,5750,2017,65899,12808,4267,394,2723200,64620
The University of Warwick,4830,2019,35286,37553,54000,165,2719372,61240
Queen Mary University of London,5676,2022,32074,540,31439,1911,2719276,48520
University College London,14621,2015,108292,99612,72029,5871,2717992,97720
The University of Liverpool,6134,2022,42310,20751,32526,4858,2700632,54300
The University of Southampton,6316,2021,93840,62476,45713,1503,2691324,47840
University College London,15658,2016,110706,98024,57454,6213,2659120,99500
University of Nottingham,6728,2017,56271,11596,45712,736,2655956,61640
The University of Oxford,14683,2015,179774,61737,40072,7556,2643586,104300
The University of Bristol,6221,2017,47708,5577,12125,756,2631412,54000
Cardiff University,5121,2022,17565,101006,29404,2753,2545524,56580
Queen Mary University of London,6018,2021,30667,3440,28724,2084,2538112,45200
Cardiff University,5164,2021,18410,104047,31920,2451,2536668,55480
The University of Exeter,5091,2022,39037,10290,37953,1957,2531664,56120
The University of Warwick,4671,2017,33558,14140,42553,170,2526096,55200
The University of Glasgow,5617,2017,41883,16266,25184,1459,2522552,61360
The University of Liverpool,6318,2021,38350,22007,33486,4194,2459712,51960
Cardiff University,5007,2020,16379,85256,22964,2480,2448724,55320
Newcastle University,5338,2022,38291,19213,64654,1348,2433152,53060
The University of Liverpool,5911,2020,36795,18631,30370,2875,2390376,51300
The University of Exeter,5017,2021,34287,6348,35704,224,2347696,53540
The University of Southampton,6237,2018,75410,89110,44409,1235,2337240,49280
The University of Southampton,6291,2019,77132,56123,40307,1416,2333376,49080
The University of Southampton,6344,2017,77889,15168,37651,929,2330988,50680
The University of Liverpool,5442,2019,30543,33549,34899,2688,2305952,53880
The University of Liverpool,4963,2018,32678,45071,32469,2043,2302240,50920
Newcastle University,5056,2018,33705,21497,58639,25998,2282424,50320
Cardiff University,4771,2019,20042,71023,16196,2242,2275248,55220
Newcastle University,5447,2021,33427,11513,74577,1310,2234424,51700
The University of Southampton,6082,2020,76374,71310,41664,1617,2216308,47760
The University of Liverpool,4943,2017,30221,53833,27819,903,2182956,49440
Newcastle University,4978,2019,29132,22213,56977,1055,2176928,52300
Cardiff University,4984,2018,17537,103083,17210,2582,2154000,54440
Newcastle University,5098,2020,30480,21213,53623,774,2145516,51240
Queen Mary University of London,5432,2020,28486,3912,23401,1262,2141088,43200
The University of York,3597,2022,32672,21078,14430,1799,2074700,
Cardiff University,4599,2017,14219,109126,23614,2384,2070756,56560
Queen Mary University of London,5069,2019,28115,1950,24812,975,2049848,46280
Newcastle University,4931,2017,35733,19479,56444,1763,2044396,49520
The University of Manchester,9464,2016,67667,138517,73892,1227,2017992,85560
The University of Exeter,4371,2020,28221,6052,33176,258,2006288,50600
"Imperial College of Science, Technology and Medicine",12232,2016,115879,14788,39207,2937,1982168,66800
The University of Manchester,8965,2015,70418,127646,82371,3615,1974470,84560
Coventry University,1559,2022,8250,59767,48100,13,1965184,40580
The University of Strathclyde,3109,2022,51835,36872,64399,1155,1949448,36280
University of Durham,3822,2022,18858,11925,12438,111,1936892,43600
"Imperial College of Science, Technology and Medicine",11647,2015,125839,42344,29980,2267,1936884,65920
Queen Mary University of London,4815,2018,30847,7050,24755,771,1935428,44640
The University of York,3703,2021,29207,28327,7630,1600,1888668,
London School of Economics and Political Science,2083,2022,19558,101331,5007,100,1885220,35400
University of Durham,3256,2021,16606,10335,11627,69,1874180,40260
The University of Exeter,4227,2019,25893,6136,34398,72,1873236,47920
The University of Edinburgh,8051,2016,31954,27898,54164,2942,1857694,82480
Queen Mary University of London,4544,2017,31490,4844,22355,594,1847664,43720
Queen's University Belfast,3853,2022,51931,34008,37731,2856,1842100,35400
The University of Edinburgh,7335,2015,30143,25992,47637,3402,1816930,79760
The University of Exeter,3989,2018,23946,5270,32038,125,1797112,44440
Coventry University,1697,2021,8017,36147,53524,4,1796180,39200
London School of Economics and Political Science,2105,2021,17131,81300,4378,100,1765492,32720
Queen's University Belfast,3900,2021,49589,36906,32641,5606,1750724,34600
Coventry University,1554,2020,7778,413209,62352,11,1742532,39340
The Nottingham Trent University,1510,2022,4260,49321,843,88,1735796,
Coventry University,1406,2019,6963,143848,49669,10,1713116,38980
"University of the Arts, London",213,2022,2415,38841,3402,174,1701512,35680
The Manchester Metropolitan University,1785,2022,5248,49279,5983,0,1688184,37660
London School of Economics and Political Science,1724,2019,21192,24239,6707,0,1683624,34860
London School of Economics and Political Science,2035,2018,19986,130737,5050,0,1683208,33920
The University of Exeter,3778,2017,21586,4242,31025,67,1661956,38720
The University of York,3675,2020,27115,31555,7203,1382,1655408,
Swansea University,2361,2022,9017,23138,64509,592,1650548,30880
The Nottingham Trent University,1455,2021,4096,44453,904,83,1616548,
Coventry University,1274,2018,8115,239412,45584,54,1613844,36900
Queen's University Belfast,3520,2020,40017,31511,27951,657,1589876,34760
London School of Economics and Political Science,1896,2020,18767,38773,3862,0,1579224,33800
University of Durham,3159,2020,13988,7788,13514,33,1573924,38240
The Manchester Metropolitan University,1780,2021,5878,46824,5218,21,1572028,35520
The University of York,3356,2018,27008,47746,13490,1317,1567160,34960
King's College London,10103,2016,56777,167414,32810,1779,1556300,63800
The University of Strathclyde,3084,2021,45114,35882,78418,1347,1551208,34920
University of Durham,3087,2019,10762,21150,17483,23,1542392,35660
"University of the Arts, London",188,2021,1480,43152,3044,96,1539628,42000
University of Hertfordshire,1091,2022,12358,25948,2423,124,1535992,29160
"University of the West of England, Bristol",1267,2022,8696,55519,9956,95,1533640,37080
The University of Lancaster,2995,2022,12874,22485,22018,208,1527100,33800
University of Durham,3165,2018,14724,18284,13058,51,1524088,34880
The University of Sussex,2319,2022,20408,4072,2634,190,1520676,28040
Loughborough University,2267,2022,38975,1160,22868,283,1516216,30320
"University of the West of England, Bristol",1166,2021,8785,60240,10348,76,1510380,34840
Queen's University Belfast,3264,2019,38936,30782,26190,295,1507988,34940
The University of York,3425,2019,26307,31156,9701,1463,1505928,
Queen's University Belfast,3169,2018,39525,30519,23443,3962,1489064,33100
Swansea University,2347,2021,10576,20755,55531,246,1480344,29600
The Nottingham Trent University,1285,2020,7547,42223,944,57,1478108,
King's College London,9233,2015,53604,144855,38421,774,1476572,60720
The Manchester Metropolitan University,1501,2020,5691,39162,4322,5,1476108,36760
The University of Leicester,3630,2022,28767,31814,7560,3330,1475996,32880
Coventry University,1164,2017,8078,233621,34772,24,1474904,34880
The University of York,3196,2017,25533,21068,9388,1252,1469424,33080
The University of Bath,2615,2022,8079,67293,21068,183,1451780,29560
The University of Bath,2759,2021,7180,59275,16900,191,1447128,28600
Swansea University,2198,2020,9732,22867,52643,5,1443012,29280
London School of Economics and Political Science,2074,2017,20468,129863,7786,2,1441744,30600
University of Durham,3132,2017,16446,10630,12470,14,1433624,34560
Queen's University Belfast,3132,2017,41734,29428,23348,8633,1432788,31240
The University of Lancaster,3036,2021,17378,40020,22412,119,1431544,33240
Swansea University,2076,2018,10043,25116,35871,594,1409332,30560
The University of Strathclyde,2918,2020,40343,43496,69385,715,1389584,33520
The Manchester Metropolitan University,1232,2019,6382,45880,4392,1,1387584,38440
The University of Sussex,2506,2021,20805,11412,1285,1711,1384984,28160
The University of East Anglia,2210,2022,18689,21574,21897,1913,1382024,33720
"University of the Arts, London",223,2020,1171,53268,2847,192,1379156,30820
The University of Leicester,3477,2021,25009,27886,9144,2072,1360904,29720
University of Hertfordshire,1050,2021,15265,21177,1747,115,1357884,27560
The Nottingham Trent University,1082,2019,8231,47552,763,112,1356524,
The University of Reading,2260,2022,11851,39903,8740,55,1351208,30660
The University of Leeds,5277,2016,71729,11482,34847,871,1349836,62800
Loughborough University,2388,2021,32887,1873,17283,365,1349044,29840
The University of Strathclyde,2747,2018,38599,32066,48701,715,1344864,30800
The Manchester Metropolitan University,1276,2018,3107,48460,4943,33,1344320,38480
"University of the Arts, London",212,2019,2177,81890,2121,122,1342164,30760
Anglia Ruskin University,837,2022,3098,104224,632,16,1341200,18580
The University of Strathclyde,2852,2019,40704,33700,60231,571,1339284,32400
The University of Essex,1567,2022,26277,11329,3180,9,1336228,25720
"University of the West of England, Bristol",1086,2020,6556,56284,9610,70,1335192,33040
The University of Leicester,3018,2018,23593,77100,10908,1215,1323700,31280
The University of Leicester,2888,2017,23027,83252,10671,888,1321460,31600
Sheffield Hallam University,785,2022,8171,18374,3920,58,1318688,36040
Loughborough University,2292,2019,25703,11943,18463,159,1309324,31200
The University of East Anglia,2208,2017,18109,27409,14281,921,1308172,32280
The University of Leicester,2921,2019,23616,55383,10257,1001,1302852,31100
The University of Dundee,1727,2022,27843,5339,5120,623,1302840,25680
The University of Lancaster,3103,2020,17555,13952,27378,321,1302476,32320
The Manchester Metropolitan University,1202,2017,3489,55471,4528,21,1301184,37240
The University of Birmingham,5133,2015,56173,11104,12428,453,1300852,59440
The University of Sussex,2393,2018,20467,2469,1456,36,1294600,26560
The University of Lancaster,3036,2019,18311,21201,19131,419,1293804,32920
University of Nottingham,6330,2016,44290,8312,50063,841,1292332,61880
The University of St. Andrews,2015,2022,22702,3851,1661,974,1289780,24920
"University of the Arts, London",199,2018,2085,105963,1393,225,1286520,29680
The University of Reading,2103,2018,15950,48033,9417,32,1286460,33540
The University of East Anglia,2526,2021,17917,28722,11907,1784,1285712,32880
The University of Birmingham,5605,2016,56294,11176,4772,488,1282980,60240
The University of Sussex,2314,2019,20878,2142,1425,80,1282032,27160
The University of East Anglia,2367,2020,20878,22857,14911,1604,1280084,31640
The University of Lancaster,3091,2018,20533,15030,23840,145,1277680,32360
The University of Leeds,5009,2015,71408,17237,33221,758,1273342,60320
Anglia Ruskin University,822,2021,2789,109687,814,16,1271464,16040
The University of Sheffield,5186,2015,44557,13963,54188,2096,1271448,57920
University of Nottingham,5789,2015,42243,7548,48407,683,1270548,60160
Swansea University,2072,2019,9695,20955,42238,501,1270020,30560
The University of Reading,2072,2017,15786,44678,8810,48,1268700,32120
The University of Reading,2190,2021,12506,33982,8316,38,1267428,30980
Birmingham City University,624,2022,2789,80534,834,1038,1267328,
The University of Leicester,3313,2020,23947,31976,9400,1756,1266736,30480
The University of Surrey,2948,2022,31432,10143,15070,1212,1265324,25800
The University of Sussex,2537,2020,20573,4576,1117,21,1264320,27920
The University of Surrey,2506,2018,25363,11968,19233,705,1261100,26360
The University of Surrey,2513,2019,26604,5750,17084,631,1260660,24980
Sheffield Hallam University,857,2021,8628,16150,5542,72,1259780,34880
The University of Reading,2093,2019,14923,37661,9666,35,1255372,32960
The University of St. Andrews,2248,2021,23940,5179,1380,1620,1254600,24440
The Nottingham Trent University,1001,2018,7934,46563,1076,78,1252004,35640
The University of Portsmouth,1594,2022,9029,38124,1958,2464,1249752,31520
Loughborough University,2145,2018,25724,8474,19441,280,1247264,30120
The University of Sheffield,5742,2016,60876,13608,49977,4760,1247126,58420
Loughborough University,2289,2020,26789,2300,17563,207,1246780,29920
The University of Reading,2186,2020,13535,18682,9222,57,1244080,31700
The University of Bath,2236,2018,6283,58351,17301,138,1238976,28780
"University of the Arts, London",208,2017,2123,102561,718,168,1235532,29260
Swansea University,1879,2017,7544,31766,24216,548,1233060,28200
The University of East Anglia,2246,2018,16036,29132,12356,1015,1230536,32260
The University of Greenwich,955,2022,5492,4684,192,36,1228068,16160
The University of Surrey,2942,2021,27061,8936,22877,441,1221276,25680
The University of Strathclyde,2709,2017,35926,32092,48088,443,1217656,29740
The University of Bristol,6025,2016,61590,5820,11746,885,1216092,51660
The University of Glasgow,5343,2016,41157,15858,25355,1231,1215686,60760
The University of East Anglia,2260,2019,17787,20668,13985,1909,1215536,34440
"University of the West of England, Bristol",1157,2019,5411,36331,10312,40,1212676,32560
Loughborough University,2159,2017,25034,8650,18967,348,1203240,30400
University of Hertfordshire,874,2020,12383,25368,3186,107,1200344,26880
Sheffield Hallam University,858,2020,7713,11952,6792,88,1200036,34160
The University of Surrey,2573,2020,27004,8314,17205,352,1199076,25360
The University of Bath,2455,2019,7071,53214,14051,321,1190644,29640
The University of Surrey,2424,2017,24532,12184,16022,686,1190024,25720
The University of Sussex,2354,2017,19262,2433,1159,60,1189392,26560
The University of Warwick,4507,2016,35540,13244,32380,149,1181832,53120
The University of Southampton,6415,2016,72127,15780,33327,1153,1178270,52280
The University of Central Lancashire,1112,2022,18593,111962,5647,250,1169976,27220
The University of Dundee,1804,2021,18958,3643,5931,513,1167968,25520
The University of Glasgow,5090,2015,46644,15380,22483,1002,1165104,58160
The University of Portsmouth,1508,2021,7985,54302,3386,2329,1162084,30600
Sheffield Hallam University,892,2019,6698,6724,5252,48,1161840,34600
The University of St. Andrews,2027,2020,17712,1592,812,924,1161512,23640
The Nottingham Trent University,929,2017,8232,43603,1437,78,1161040,34040
The University of Bath,2603,2020,6703,57980,12872,225,1157808,29160
Birmingham City University,579,2021,2414,81287,880,639,1153944,
The University of Lancaster,2969,2017,14422,7296,26780,88,1152912,31520
The University of Bath,2309,2017,6175,53348,18160,210,1152568,28080
The University of Bristol,5646,2015,56833,5335,8872,721,1152514,49920
The University of Warwick,4211,2015,37548,13664,24880,116,1147178,50480
Sheffield Hallam University,875,2018,6906,6628,5748,42,1146176,36080
The University of Essex,1564,2021,20754,11517,3510,41,1137424,24520
"University of the West of England, Bristol",1171,2018,4052,41410,7521,43,1136272,31920
The University of Portsmouth,1601,2020,6168,64906,3750,1944,1130164,28200
Brunel University London,1791,2022,4610,14863,6509,4,1129492,21400
Ulster University,1393,2022,12891,12212,20849,30,1125804,
London School of Hygiene and Tropical Medicine,4270,2022,24476,15749,60008,19,1112740,14240
The University of Central Lancashire,995,2021,17659,100567,5883,182,1111828,26200
The University of Southampton,6142,2015,69226,9614,35662,877,1109704,50840
Liverpool John Moores University,1686,2022,5158,5404,1851,2,1109080,
"City, University of London",1170,2022,4463,24201,3080,270,1106904,25520
Sheffield Hallam University,836,2017,6091,7140,4952,29,1106616,34860
The University of Dundee,1615,2020,22258,2611,4487,944,1104888,26260
Birmingham City University,494,2020,4919,63096,675,533,1098428,
The University of Portsmouth,1436,2019,5967,46832,2869,2003,1094212,31880
Heriot-Watt University,1734,2022,9169,8154,5976,406,1092856,17400
The University of Greenwich,980,2021,5828,5273,492,176,1088804,15000
University of Hertfordshire,893,2018,13248,21887,668,116,1087132,27440
"University of the West of England, Bristol",965,2017,2071,34875,4398,26,1085460,30720
Brunel University London,1758,2021,1710,10171,14325,0,1085396,20720
University of Hertfordshire,987,2019,9661,20776,2189,138,1082208,26760
Anglia Ruskin University,747,2020,2832,95115,722,0,1075496,14440
The University of Aberdeen,2448,2022,19273,184733,19181,14,1074540,28600
The University of Salford,809,2022,5331,25638,4281,25,1073524,20120
University of Hertfordshire,947,2017,11428,19880,659,80,1069864,27260
De Montfort University,856,2022,652,91475,1719,0,1065300,24240
University of Plymouth,1340,2022,8184,9593,9058,174,1061296,
The University of Central Lancashire,975,2020,15096,73648,3431,38,1060256,25180
Canterbury Christ Church University,465,2022,3329,57257,12,0,1055232,14880
The University of St. Andrews,2191,2019,17044,2597,213,1282,1046692,22660
The University of Liverpool,4655,2016,28002,37246,23449,683,1046184,49000
London School of Hygiene and Tropical Medicine,4390,2021,21033,15770,62776,1,1045532,13740
The University of Essex,1458,2020,18592,12505,3256,54,1045532,23240
The University of Portsmouth,1281,2018,6295,53096,2611,2182,1044384,31720
The University of Aberdeen,2356,2021,17807,200248,19343,227,1043636,27560
Heriot-Watt University,1925,2021,4681,600,6596,439,1042484,16460
The University of Westminster,584,2022,1220,13682,1462,0,1041680,23240
Ulster University,1425,2021,14118,14798,18157,615,1037896,
Liverpool John Moores University,1581,2021,3997,4936,2021,5,1031584,
"City, University of London",1213,2021,4734,16443,3263,333,1031188,24280
The University of St. Andrews,2236,2018,14923,5090,187,1334,1029792,22220
Birmingham City University,458,2019,2155,66804,236,370,1025736,
The University of Dundee,1794,2018,22688,7234,2904,1376,1025412,26000
Cardiff University,3976,2015,12082,81296,32234,1845,1023506,54600
De Montfort University,1143,2019,3529,38407,1298,0,1015412,25800
The University of Dundee,1644,2019,25029,4869,5648,755,1013372,26360
Cardiff University,4559,2016,11851,133294,17945,1837,1010246,54840
The University of St. Andrews,2304,2017,14575,2972,329,992,1007612,21140
Liverpool John Moores University,1613,2020,3657,3612,3036,0,1000364,
The University of Essex,1393,2019,19465,8773,4391,18,998952,24180
University of Plymouth,1411,2017,6116,11256,1408,173,994772,23120
The University of East London,418,2022,1853,19462,662,0,991844,15680
The University of Salford,796,2021,4378,23603,4303,32,991524,18080
The University of Liverpool,4187,2015,27579,33865,31868,524,990308,46720
London School of Hygiene and Tropical Medicine,3051,2018,12757,21862,62814,13,990020,12580
University of Plymouth,1385,2021,6910,9441,4908,128,988372,
Birmingham City University,460,2018,2007,72934,291,299,987064,25760
The University of Dundee,1711,2017,21299,6830,6092,936,986536,25720
The University of Essex,1395,2018,19139,12951,4646,42,986380,22760
"City, University of London",1103,2020,4180,15016,2663,495,985832,30720
The University of Portsmouth,1305,2017,6484,59076,2145,67,982608,32200
De Montfort University,739,2018,4027,33825,808,10,981160,24320
"City, University of London",1110,2019,4265,21890,3383,489,979964,29400
London School of Hygiene and Tropical Medicine,3796,2020,15668,10760,62571,1,976832,13740
"City, University of London",1178,2018,4350,31817,2655,334,976320,27080
The University of Central Lancashire,936,2019,14775,83037,7956,28,975968,26840
Newcastle University,4602,2016,36612,21945,57003,1070,975758,48920
De Montfort University,970,2021,936,52052,1962,0,972080,26240
The University of Westminster,618,2021,1113,16895,891,0,972052,22000
London School of Hygiene and Tropical Medicine,3312,2019,13945,20699,62164,31,971592,13140
Liverpool School of Tropical Medicine,517,2018,27962,136109,19413,225,970696,4300
University of Plymouth,1333,2018,5867,3136,1597,238,965920,22520
"City, University of London",1214,2017,4461,38285,1521,397,964940,25760
Anglia Ruskin University,693,2019,2354,97331,1022,0,963376,14320
The University of Lincoln,1040,2022,7556,58555,8822,1,961496,20240
Heriot-Watt University,1857,2018,8725,9920,29153,130,960416,15600
University of Plymouth,1302,2020,5502,5973,4016,579,957748,
The University of Law,5,2021,0,10624,0,0,956972,
Ulster University,1265,2020,13342,19115,20356,271,956860,
Leeds Beckett University,691,2022,15961,43628,1255,0,954060,21360
Newcastle University,4090,2015,37044,20367,57599,557,952406,47640
Oxford Brookes University,828,2022,9706,6508,2164,6384,952120,21720
Brunel University London,1726,2019,4606,12090,9568,45,948336,19660
Liverpool John Moores University,1561,2019,2057,5118,2775,0,947152,23360
The University of Aberdeen,2323,2020,18222,211635,13669,250,943756,26240
Heriot-Watt University,1860,2020,11558,13502,11790,446,940276,18200
The University of Central Lancashire,879,2018,14599,95789,7050,30,939352,25600
De Montfort University,951,2020,2281,49539,1162,0,938516,25800
Brunel University London,1614,2020,4404,9606,8009,75,936176,19080
The University of Aberdeen,2123,2019,17706,185599,15389,1100,935084,27120
University of South Wales,514,2022,4122,29467,11220,24,932124,23440
Liverpool School of Tropical Medicine,504,2017,28384,26303,0,100,929588,3760
Leeds Beckett University,642,2020,14884,41326,705,0,928104,20680
London School of Hygiene and Tropical Medicine,2863,2017,11713,27990,62568,1,926620,10800
The University of Greenwich,783,2020,4650,6299,316,175,924076,14920
Birmingham City University,454,2017,1767,82680,391,247,923956,25240
Leeds Beckett University,689,2021,18020,33003,721,1,923616,21200
The University of Salford,827,2020,4887,23462,7321,24,923576,18480
Heriot-Watt University,1904,2019,10024,11856,10368,405,922760,16260
Brunel University London,1673,2018,4614,11453,8095,10,919012,18400
Kingston University,624,2022,1449,13773,2712,0,918020,15060
The University of Aberdeen,2191,2018,17496,114509,17073,2204,913976,25840
Heriot-Watt University,1876,2017,8327,6554,3766,136,913212,15520
Liverpool School of Tropical Medicine,602,2019,28208,94179,117677,0,912276,4440
University of Plymouth,1457,2019,5929,8217,2076,360,911972,22040
The University of Sunderland,281,2022,967,20722,0,0,908736,19120
The University of Central Lancashire,926,2017,20427,87121,6821,110,907552,22700
De Montfort University,669,2017,3438,24995,679,15,899368,23840
The University of Essex,1285,2017,18545,3598,3772,3,887652,22000
Liverpool John Moores University,1477,2018,2166,6508,2715,0,886232,23580
Aston University,1367,2022,5653,5829,11009,48,883836,16520
Brunel University London,1663,2017,4683,10772,7158,10,882928,17880
Cranfield University,1307,2022,18037,66482,2166,857,881144,14160
The University of Aberdeen,2401,2017,16005,44661,18565,1192,877884,25980
Kingston University,617,2021,945,26538,2571,0,877240,14760
University of South Wales,472,2021,4166,27646,14108,26,875736,21780
Leeds Beckett University,733,2017,16962,11059,704,4,874132,23660
Ulster University,1187,2018,11796,21105,19364,654,873272,20900
Anglia Ruskin University,694,2018,2890,142756,1401,0,866388,14960
Oxford Brookes University,849,2021,10533,6474,2191,5318,866232,21320
The University of Westminster,554,2019,1242,19208,2085,0,865508,21160
Leeds Beckett University,653,2018,16094,16130,830,0,863852,23120
The University of Westminster,606,2020,951,13394,1828,0,863208,21480
The University of Brighton,859,2017,7141,87274,2732,4,861156,26480
The University of Lincoln,1082,2021,7945,64748,8081,17,860724,18680
Queen Mary University of London,4431,2016,29553,5572,14441,490,860246,36620
The University of Greenwich,735,2019,8354,4840,354,227,859676,13640
Liverpool John Moores University,1437,2017,2586,4742,2757,0,858784,23140
Ulster University,1195,2019,10967,20496,21394,118,858476,
Leeds Beckett University,623,2019,14779,18473,700,0,856852,21720
The University of Salford,849,2019,4315,22914,6420,95,855212,18560
Middlesex University,807,2019,1435,83722,752,22,853864,14240
Middlesex University,859,2018,2099,79289,1815,364,848700,14860
The University of Lincoln,956,2020,10049,59965,6699,0,847184,19000
The University of Brighton,830,2018,6672,83092,2362,0,845812,26440
The University of Westminster,617,2018,1263,32122,2146,0,841284,19800
Teesside University,585,2022,5596,226280,6708,0,840644,16580
Ulster University,1136,2017,10866,27121,18443,443,839828,19320
The University of Greenwich,735,2018,12236,5084,426,351,839448,17360
University of Derby,633,2022,1933,38937,905,8,838608,21040
The University of Salford,865,2018,4810,31045,7993,41,837444,18080
The University of Hull,1472,2022,8691,13470,2918,628,834024,17120
Anglia Ruskin University,657,2017,3025,206044,502,0,831748,15600
Oxford Brookes University,814,2020,7932,5236,2094,4563,828656,20680
Keele University,1478,2022,7179,34834,8932,17,825292,16400
The University of Brighton,842,2022,7940,72648,2831,0,824652,23060
Middlesex University,816,2020,2926,60335,846,30,823004,14320
The University of Westminster,633,2017,1321,27708,1401,15,820512,20440
The University of West London,275,2022,1496,13034,829,1545,818412,
Middlesex University,929,2017,2445,92190,2682,0,818264,15380
Oxford Brookes University,785,2018,4706,5575,1641,4063,813832,20560
Queen Mary University of London,4030,2015,28943,11471,13135,542,810986,34000
The University of Greenwich,752,2017,13024,4686,129,281,810840,17620
Arden University,37,2022,0,0,0,0,810088,
The University of Salford,964,2017,4734,44251,5073,86,808732,17520
London South Bank University,664,2022,3111,38022,1383,1,807704,
Middlesex University,714,2022,1788,58209,784,35,806216,12360
University of Derby,551,2020,1871,40470,1881,0,804844,21440
Aston University,1420,2021,6368,3678,11100,94,803156,15680
Cranfield University,1287,2021,14482,51296,1898,706,801252,13740
University of South Wales,479,2020,3663,31852,4227,269,800848,21300
The University of Sunderland,267,2021,1028,15346,46,0,799420,16920
Oxford Brookes University,782,2017,4080,10055,1350,3310,798308,21720
London South Bank University,579,2021,2192,42074,1793,3,796456,
Kingston University,679,2019,519,20226,2439,2,796304,14320
University of South Wales,454,2018,3452,82116,3661,24,795776,22240
London South Bank University,537,2020,1323,54333,2758,3,795376,
University of South Wales,424,2019,3820,36201,4423,15,795328,21920
Oxford Brookes University,815,2019,4922,4359,2029,5350,794328,21040
The University of Exeter,3514,2016,17814,4500,30671,108,794112,36400
The University of Hull,1464,2021,7192,13619,3982,434,792600,15940
University of Derby,636,2021,2127,45957,1320,0,791652,20240
The University of Brighton,820,2019,6386,69214,2619,0,789484,25440
Liverpool School of Tropical Medicine,732,2021,27995,23515,82884,0,786608,4680
London Business School,131,2022,35,150174,0,72,781816,
The University of Hull,1287,2017,7090,7831,5519,657,777276,19240
University of Derby,547,2019,1662,31895,1665,0,775248,22960
The University of Brighton,823,2021,6501,70162,1853,8,774120,23780
Liverpool School of Tropical Medicine,644,2020,28791,96507,91100,0,773752,4480
The University of Hull,1302,2018,8241,8024,3371,211,773024,19680
University of Derby,447,2018,2119,38332,1169,0,769812,23040
Kingston University,741,2017,643,24040,4733,0,768872,15900
Middlesex University,820,2021,1801,73223,1031,66,768408,13400
The University of East London,378,2021,1780,18397,422,5,767896,13900
Kingston University,672,2018,690,19640,2627,1,766676,15280
London Business School,130,2021,37,135735,0,62,766180,
The University of Brighton,860,2020,5987,56380,2067,0,765912,23320
The University of Hull,1396,2019,7792,11002,4097,514,758724,17520
The University of Huddersfield,1152,2022,4775,8899,7305,74,755672,
Buckinghamshire New University,57,2022,620,12463,0,0,755388,
Kingston University,582,2020,514,26563,1830,4,755364,14440
The University of Wolverhampton,487,2017,3721,4929,2108,0,749352,20100
The University of Wolverhampton,483,2018,3132,2496,2232,0,746196,19920
The University of Hull,1387,2020,6859,11421,3694,452,746172,16040
Canterbury Christ Church University,359,2021,3441,49687,0,0,743336,14120
The University of Wolverhampton,522,2020,2827,5371,2865,0,742268,19280
The University of Exeter,3244,2015,16925,2978,26856,76,742232,33640
The University of Northampton,257,2022,780,8120,81,4,738616,12880
Bournemouth University,1091,2022,1440,19586,1752,11,738404,15520
Cranfield University,1190,2019,13989,45139,3242,605,738244,
University of South Wales,395,2017,1597,81713,2882,13,738088,22200
London South Bank University,522,2019,2039,34880,3012,8,737992,
Cranfield University,1272,2018,15488,61078,3014,635,732836,12220
University of Wales Trinity Saint David,145,2022,2295,46269,152,14,732464,13100
The University of Huddersfield,1200,2021,3409,10468,6702,59,731752,
Cranfield University,1284,2020,15099,40321,2900,437,730992,12880
The University of Wolverhampton,517,2019,3185,4656,3542,0,724760,20240
London South Bank University,434,2018,2919,46173,2282,4,724176,15680
University of Wales Trinity Saint David,115,2021,2268,52089,0,11,723480,11560
University of Durham,3240,2016,17106,11759,6603,123,722308,36040
The University of Wolverhampton,722,2021,4209,5166,2321,0,721720,17880
Teesside University,546,2021,4683,169611,3860,2,721012,14480
The University of Huddersfield,1191,2020,3394,13226,2467,4,717536,
Glasgow Caledonian University,597,2022,4756,10850,329,0,717400,13320
University of Derby,397,2017,2265,12294,855,0,713376,22680
Bangor University,999,2022,13276,111908,9039,221,712088,16700
The University of Bradford,797,2022,2562,13432,3409,209,708456,12280
Keele University,1470,2021,6774,26693,7501,26,707104,16080
The University of East London,385,2020,1229,17738,660,5,706428,12800
London School of Economics and Political Science,1852,2016,22971,118815,8534,2,706142,29480
The University of Wolverhampton,622,2022,2748,15502,1366,0,704640,
The University of Lincoln,826,2019,8453,50674,4347,103,697580,18080
University of Wales Trinity Saint David,90,2020,1945,55682,0,9,695484,10520
The University of Huddersfield,1215,2019,2943,5009,8230,1,693536,
The University of York,3162,2016,27078,23229,10805,1119,692562,31940
The University of Huddersfield,1024,2017,3472,5505,1961,16,691564,16280
The University of West London,254,2021,1946,11414,1357,1335,691492,
The University of Huddersfield,1144,2018,2669,4472,3757,19,690068,16560
Aston University,1229,2020,8324,3298,6973,107,689976,15520
The University of Reading,1966,2015,12056,40030,8275,62,689536,31640
Keele University,1340,2020,4979,35484,8753,12,683996,16160
London School of Economics and Political Science,1818,2015,21230,104515,6393,168,681272,28480
The University of Stirling,1024,2022,3194,32699,1193,37,678800,17960
Bournemouth University,939,2021,1527,23888,2361,0,678696,14480
The University of Sunderland,262,2020,967,9364,138,0,678008,15380
Queen's University Belfast,2942,2016,32413,22161,23453,8508,676698,29400
Buckinghamshire New University,57,2021,748,13356,0,0,676040,
Edinburgh Napier University,833,2022,2353,9585,2188,4,675376,15760
Keele University,1283,2018,5191,35403,8123,46,675376,16260
Cranfield University,1298,2017,13719,61795,3339,533,674948,12820
The University of Law,18,2022,0,10574,0,0,672492,
Staffordshire University,325,2022,5342,13466,264,0,672300,14680
London Business School,173,2018,549,129111,0,18,665712,6600
University of Durham,3038,2015,16537,5840,5388,58,663868,36040
Keele University,1184,2017,5116,32451,6167,147,663380,17080
The University of Lincoln,857,2018,8912,62521,3735,26,663204,17420
Coventry University,989,2016,8474,234536,27737,37,660804,32340
Aston University,1282,2019,5496,3701,9069,52,660780,15480
London Business School,139,2019,22,86166,0,42,659736,
Bangor University,963,2017,5450,58235,8067,98,659508,16480
Bournemouth University,902,2019,1790,22362,1593,8,657680,14840
Keele University,1208,2019,4902,30409,8817,10,653256,16100
Bangor University,958,2021,10965,74682,4328,104,652996,15880
The University of York,2910,2015,27035,27516,10439,1092,652662,31240
Bournemouth University,944,2020,1494,17319,2506,11,649960,14600
University of Bedfordshire,270,2020,2181,377881,2777,0,648824,9400
Bournemouth University,861,2018,1525,26186,1829,11,640752,14940
Bournemouth University,932,2017,1671,31060,1841,11,637964,15180
Teesside University,491,2020,4265,183135,2196,0,637484,14640
Queen's University Belfast,2854,2015,25995,22113,21898,7131,633076,29920
Aston University,1247,2018,5690,5907,9262,231,629788,14600
Aston University,1228,2017,6167,5976,8034,104,627148,13480
London Business School,173,2017,0,133924,0,20,626056,6320
The Manchester Metropolitan University,989,2016,4827,47888,4259,0,625302,36880
The University of East London,368,2019,851,16071,961,5,621100,13240
The University of Stirling,1064,2021,2887,31635,1163,31,621020,16360
Liverpool School of Tropical Medicine,662,2022,22097,6959,31775,0,619184,4600
Bangor University,955,2020,9181,42544,4508,85,613472,15840
Cardiff Metropolitan University,433,2022,4046,7625,3016,1,612936,14420
University of Bedfordshire,299,2022,3283,32819,3105,1,612592,9400
The University of Leicester,2757,2016,24543,80476,9718,745,610812,31280
The University of Sunderland,273,2019,667,14701,224,0,610444,15880
Coventry University,724,2015,7362,226722,19389,11,610234,30920
London Metropolitan University,249,2022,1497,24123,102,0,609332,7500
The University of Lincoln,789,2017,6732,61619,5151,0,609184,16520
Glasgow Caledonian University,599,2021,4258,11268,570,0,608932,12880
Canterbury Christ Church University,302,2020,3039,27586,0,0,608504,13960
Buckinghamshire New University,51,2020,384,7324,0,0,605832,
Teesside University,396,2019,4139,164787,1990,0,602200,15000
Staffordshire University,329,2021,5273,16082,80,0,601844,14080
Loughborough University,2059,2016,24275,8347,20907,1443,601628,29320
University of Wales Trinity Saint David,114,2019,2589,15557,55,172,597184,11000
The Manchester Metropolitan University,843,2015,3947,54061,3594,7,595952,35300
University of the Highlands and Islands,182,2020,4254,29769,9059,0,595504,2680
London Business School,109,2020,35,91830,0,52,595388,
Roehampton University,350,2022,1082,42054,0,0,594156,7240
Edinburgh Napier University,782,2021,1871,8560,1862,0,593236,14960
Swansea University,1575,2015,7071,20344,29964,44,592584,23600
The University of Leicester,2713,2015,23590,84858,8664,1289,592504,31680
The University of Strathclyde,2528,2016,24340,28420,43548,424,591730,28800
University of the Highlands and Islands,190,2022,3286,31584,8610,0,591448,2680
Bangor University,948,2019,8123,61412,4956,130,590784,16080
University of the Highlands and Islands,178,2019,4876,15776,9283,0,588552,2680
The University of Northampton,231,2021,626,2733,293,10,587856,12000
Bangor University,940,2018,6201,55725,7813,129,585520,16400
University of the Highlands and Islands,143,2018,4313,10229,9504,0,584888,2620
University of Bedfordshire,304,2021,2472,43123,2867,0,583324,9500
The University of West London,237,2020,1410,12658,978,1020,583240,
Bath Spa University,119,2022,1089,12101,263,170,583040,9840
Loughborough University,2117,2015,22809,6622,22227,1577,582714,28560
London South Bank University,426,2017,2363,52215,2940,4,581208,15760
The University of Bradford,803,2021,1650,15476,4090,219,580536,11480
Teesside University,339,2018,4807,165018,2201,0,580216,14240
The University of Reading,2009,2016,13503,44229,7768,74,577788,32400
University of Suffolk,205,2022,523,5301,31,0,577596,5020
Edge Hill University,579,2022,708,24498,709,2,575516,
The University of Sussex,2466,2016,18199,1716,1114,187,574502,24740
University of the Highlands and Islands,213,2021,6045,23897,8704,0,572236,2640
Roehampton University,508,2019,1242,40064,145,0,570040,8600
The University of East London,439,2018,1084,24960,421,0,566848,11920
Goldsmiths College,495,2022,5057,7452,1217,169,566104,16240
Teesside University,374,2017,5063,196292,1735,19,564716,14000
University of Bedfordshire,363,2019,2780,564869,2317,0,563420,9100
"University of the Arts, London",148,2016,1801,109781,968,196,562796,36800
"University of the Arts, London",109,2015,2461,103170,758,99,561780,29000
The University of Strathclyde,2391,2015,25357,27516,38041,500,561734,27600
Roehampton University,497,2018,1788,39313,104,0,559504,9160
Swansea University,1744,2016,6562,22589,22785,48,556306,25180
University of Chester,315,2022,7377,24524,278,0,553372,14240
The University of Sunderland,254,2018,1554,14504,381,0,552120,14960
Goldsmiths College,463,2021,3439,7230,1812,242,549760,16480
Cardiff Metropolitan University,342,2021,3106,18003,3250,0,548704,13000
The University of Bolton,217,2022,185,10312,60,1,545296,
University of Wales Trinity Saint David,104,2018,1290,11319,103,11,544652,12120
The University of East London,469,2017,825,23793,0,0,544336,12260
The University of Surrey,2142,2016,22952,12261,21851,642,543576,24540
The Nottingham Trent University,809,2016,6812,39239,1417,4,543536,31600
University of Chester,350,2021,8263,29099,415,1,543100,13640
Staffordshire University,297,2020,5353,12276,153,0,541848,12840
University of Suffolk,171,2021,223,9788,135,0,540892,4960
Roehampton University,494,2017,1179,5495,0,0,538544,12480
Glasgow Caledonian University,560,2020,3987,9461,423,0,538328,12480
The University of Lancaster,2873,2016,13314,11742,23083,105,537472,29220
Roehampton University,398,2020,1005,1831,167,0,537340,7840
Sheffield Hallam University,877,2016,6428,9750,4564,70,536214,34800
The University of East Anglia,2028,2016,15055,31875,11602,1605,534736,30360
The University of Lancaster,2399,2015,14959,16981,15341,237,534570,28200
The University of Bath,2108,2016,7144,48393,18089,204,533920,26960
Sheffield Hallam University,637,2015,6918,11404,4607,14,532920,35260
Edge Hill University,619,2021,1791,15466,478,0,531952,
Goldsmiths College,608,2018,1643,17071,1807,949,531144,15600
Aberystwyth University,586,2022,5225,36473,3591,201,531084,14880
Roehampton University,404,2021,1431,22439,0,0,528740,7720
University of Hertfordshire,856,2016,12101,22748,502,74,527498,25580
The University of Bath,1856,2015,7716,51103,13762,160,526396,26120
The University of Sunderland,211,2017,1131,15031,158,0,524860,12960
Edinburgh Napier University,664,2020,1563,7476,1552,0,524304,13580
Canterbury Christ Church University,315,2017,5493,7399,0,0,523496,14800
The University of Northampton,206,2020,775,3099,170,5,522768,10920
The University of Sussex,2099,2015,18045,3075,917,161,521332,23320
Goldsmiths College,513,2019,1590,11935,2111,223,520492,16900
Edge Hill University,566,2020,1323,13280,249,0,520400,15440
University of Wales Trinity Saint David,94,2017,586,13751,72,32,520124,12000
The University of Surrey,2064,2015,21531,15493,20872,513,518980,23060
Robert Gordon University,401,2022,1417,6988,2870,1,517456,12300
The Nottingham Trent University,689,2015,5357,34859,1982,4,517074,29400
"University of the West of England, Bristol",841,2015,2471,33718,4304,33,516616,28240
"University of the West of England, Bristol",922,2016,2301,38012,4477,24,514408,29100
University of Chester,340,2017,5570,22000,770,0,513744,13560
University of Hertfordshire,788,2015,13091,23918,833,38,513114,24240
Edinburgh Napier University,627,2019,1620,11472,1328,9,510464,13980
University of Chester,353,2018,5403,13248,492,0,509004,14420
The University of Northampton,233,2017,4492,7574,573,3,506828,11360
Goldsmiths College,441,2020,1745,9283,2197,158,505788,15920
University of Plymouth,1411,2016,6382,7846,1281,107,505604,23320
Edge Hill University,526,2017,1376,8819,0,0,504924,16280
Canterbury Christ Church University,333,2018,4729,16325,0,0,504312,13840
The University of Northampton,229,2019,644,5321,124,3,504140,11560
The University of Stirling,1011,2018,3465,39622,137,39,504004,18320
Goldsmiths College,606,2017,2259,18618,2884,750,503748,15000
The University of Northampton,224,2018,2632,5634,161,3,501676,11500
Glasgow Caledonian University,536,2019,5527,10502,362,0,501220,12400
The University of East Anglia,1939,2015,14832,34323,7754,1538,500150,29380
The University of Stirling,1085,2020,3023,21980,974,28,497912,14760
Glasgow Caledonian University,577,2018,5292,11625,169,0,497304,12240
Edge Hill University,553,2018,951,10516,0,0,495096,16500
Aberystwyth University,604,2021,2689,30014,4862,201,494092,14400
University for the Creative Arts,54,2022,105,0,0,0,492756,
Staffordshire University,267,2019,6414,7662,136,1,491100,12320
University of Chester,358,2020,6086,16836,262,0,490876,14120
London Metropolitan University,201,2021,1374,11702,150,0,490184,7160
Edinburgh Napier University,479,2018,1835,10614,1652,0,489972,14000
Cardiff Metropolitan University,292,2020,2609,15335,1854,0,489156,12000
The University of Dundee,1684,2016,19572,5853,6363,2440,488730,25400
University of the Highlands and Islands,123,2017,5889,21777,9493,0,487740,2280
The University of Stirling,1002,2019,3039,29849,698,56,485356,17580
The University of Bolton,107,2021,223,12391,84,1,485076,
The University of Stirling,1005,2017,3614,43317,52,26,484360,17020
The University of Bradford,748,2020,1730,12662,3076,207,483248,11380
Glasgow Caledonian University,557,2017,5215,10457,294,0,479284,12760
University of Chester,352,2019,4623,21964,472,6,479016,14360
University of Bedfordshire,314,2018,2813,389486,2044,0,478920,9160
Canterbury Christ Church University,264,2019,3199,27122,0,0,478752,14100
University of Plymouth,1362,2015,5902,7975,864,219,478374,23320
The University of Dundee,1792,2015,19410,9152,7645,1127,478256,25400
Edge Hill University,484,2019,613,11826,32,0,477184,16200
Staffordshire University,305,2018,5422,9348,250,0,476424,11600
Edinburgh Napier University,528,2017,1775,10123,2069,8,475748,13800
Aberystwyth University,553,2020,1812,35476,4747,225,475368,14640
Aberystwyth University,690,2017,2185,8059,2943,172,472196,15840
Birkbeck College,900,2020,735,34642,444,10,471180,14480
Solent University,122,2017,413,58702,635,5,470728,11440
Buckinghamshire New University,55,2019,776,7185,0,0,469064,
The University of Portsmouth,1086,2016,6374,44863,1658,115,467364,32320
The University of Law,3,2020,0,9320,0,0,467292,
Aberystwyth University,706,2018,3048,35011,4980,194,465128,15460
The University of West London,215,2019,1718,8637,793,1229,464068,
The University of St. Andrews,2334,2016,14498,2608,452,1438,459982,20920
The University of Aberdeen,2403,2015,18021,21173,18155,963,459924,27280
Staffordshire University,324,2017,5455,9576,68,0,459404,12780
Robert Gordon University,368,2021,1263,6110,1892,2,458964,11540
"City, University of London",1277,2016,4878,34226,5536,366,453402,25320
Solent University,128,2018,481,56293,330,659,452812,10340
Solent University,161,2020,380,43148,91,925,450540,8440
The University of Portsmouth,987,2015,6338,67037,1980,290,450466,31220
The University of Bradford,792,2019,1754,8264,2176,257,448072,11080
The University of Bolton,151,2020,92,4268,227,0,445956,
The University of Aberdeen,2536,2016,17418,31726,19907,830,444924,26760
Leeds Beckett University,479,2015,15278,16410,247,4,444236,24380
London Metropolitan University,188,2020,505,14616,120,0,443568,7060
The University of West London,185,2018,3078,9343,563,2076,443084,12160
Leeds Beckett University,609,2016,15647,15063,711,4,442856,24280
The University of St. Andrews,2148,2015,12463,2464,174,837,442772,20560
Heriot-Watt University,1699,2016,7383,8056,2506,149,442436,16000
The University of Essex,1112,2016,18843,3398,3399,2,441650,20320
Birkbeck College,853,2022,2080,19686,504,17,441136,13440
The University of Bradford,771,2017,2480,13264,2438,29,441080,13040
Heriot-Watt University,1577,2015,11318,7518,1130,266,439040,15300
The University of Bradford,720,2018,2296,15742,2918,315,436640,11720
Birkbeck College,1059,2017,386,41838,472,2,435936,14840
"City, University of London",1232,2015,5769,39810,6113,367,435032,23800
Birkbeck College,979,2019,883,38117,596,6,434828,14040
Birkbeck College,853,2021,1894,25074,483,6,432992,14100
University of Bedfordshire,352,2017,2411,20377,2368,0,430904,9800
Aberystwyth University,575,2019,2746,35116,4022,222,430136,14960
Cardiff Metropolitan University,254,2019,2914,15725,2088,0,428496,11740
Anglia Ruskin University,517,2016,16869,284171,1288,0,427988,15780
Cardiff Metropolitan University,255,2018,3158,12803,1908,0,427380,11140
Solent University,115,2022,589,50169,283,456,424980,7160
The University of West London,182,2017,2255,10778,160,2405,424204,11160
The University of Central Lancashire,962,2016,17898,97038,6047,107,423400,21440
Solent University,134,2019,284,38770,90,874,423232,9160
Birmingham City University,413,2016,1277,106033,429,458,422370,24760
Birkbeck College,982,2018,671,42946,581,16,421688,14960
The University of Central Lancashire,805,2015,11095,112767,4657,70,419254,22440
Kingston University,674,2015,593,25311,5134,0,418702,16560
Liverpool School of Tropical Medicine,468,2016,19281,80257,0,0,418370,3540
Liverpool John Moores University,1332,2016,3045,8806,3315,1,417220,22160
The University of Brighton,947,2016,7194,110191,2624,1,414806,27680
Cardiff Metropolitan University,258,2017,3310,21176,1226,0,414780,11040
Solent University,138,2021,365,48323,251,850,414456,7640
Robert Gordon University,366,2020,1353,14126,1784,2,412804,10840
SOAS University of London,418,2022,2625,72510,2268,298,411248,9140
The University of Westminster,667,2016,2991,44128,1950,0,410794,23160
The University of Westminster,518,2015,3252,51801,852,1,410204,21740
De Montfort University,648,2016,3349,22422,388,11,409746,22600
Liverpool John Moores University,1101,2015,3527,5744,2615,1,409736,21560
The University of Brighton,720,2015,6494,84761,3107,2,408488,27880
The University of Greenwich,669,2015,13328,5402,230,351,407632,17920
Anglia Ruskin University,456,2015,19682,394588,1295,0,407520,15080
Middlesex University,805,2016,2318,90251,2995,0,407296,15420
Ulster University,1075,2016,9564,26622,14117,588,406438,18940
Brunel University London,1634,2015,4054,12802,9082,12,403346,18460
Kingston University,748,2016,505,25225,4887,0,402604,17360
Royal College of Art,103,2022,2466,8175,3325,32,401620,6560
Birmingham City University,292,2015,1891,115702,200,294,401498,22320
Brunel University London,1603,2016,4843,7854,8690,46,401224,18460
The University of Greenwich,632,2016,11361,5158,192,390,401098,17360
University for the Creative Arts,43,2021,66,0,0,0,399892,
Oxford Brookes University,684,2016,3356,24598,1164,3424,396212,20960
University of Worcester,240,2017,870,4988,364,0,395320,20740
Bath Spa University,123,2021,559,12931,0,139,395168,9480
The University of Essex,1016,2015,17384,3490,2827,4,395036,20200
The University of Hull,1372,2016,9403,13352,4682,525,394748,19320
SOAS University of London,494,2021,3625,71628,2890,459,392016,8100
The University of Salford,893,2016,4072,47029,3161,80,390280,17780
University of Suffolk,125,2020,134,7263,146,0,389804,4480
University of Worcester,244,2018,972,3114,453,0,387648,23580
Oxford Brookes University,625,2015,3134,25211,1647,2296,385278,20360
University of Worcester,214,2022,696,28160,401,0,384372,15940
The University of Salford,689,2015,5919,45205,2930,67,383942,16360
University of South Wales,343,2015,2395,74631,1060,43,381814,25940
London Metropolitan University,173,2019,1001,19128,111,0,380408,6980
Middlesex University,737,2015,1764,77223,2804,0,378472,15080
London Metropolitan University,200,2017,826,45923,38,0,377364,7700
University of Worcester,245,2019,507,37590,303,0,376312,22360
Ulster University,1083,2015,9271,28821,12165,631,375962,20520
University of Worcester,228,2020,469,32252,512,0,375612,16760
The University of Wolverhampton,391,2015,12710,60934,1853,2,374138,19300
Robert Gordon University,364,2017,1396,10688,1410,23,373532,12380
The University of Law,4,2019,0,8359,0,0,372924,
Robert Gordon University,314,2019,1118,11804,1560,1,371412,10880
The University of Hull,1300,2015,9242,19529,3867,538,369656,19880
SOAS University of London,555,2017,1673,91144,0,391,369316,10360
University of Worcester,247,2021,506,46718,455,0,368732,14560
University of South Wales,429,2016,2078,73721,1661,33,368336,23320
The University of Bolton,139,2019,38,4366,302,0,367932,
Robert Gordon University,323,2018,1173,11340,1564,7,367772,12240
The University of Wolverhampton,454,2016,9586,9955,1437,2,364394,19740
De Montfort University,536,2015,3637,36918,477,16,362854,21560
SOAS University of London,474,2018,2587,98578,2000,346,359068,10100
Royal College of Art,99,2021,1299,7071,3734,0,358012,4600
London School of Hygiene and Tropical Medicine,2723,2016,12025,24071,56079,1,356934,11420
SOAS University of London,391,2020,1922,78126,2469,202,356692,7720
SOAS University of London,455,2019,3081,89391,3191,340,356648,9420
York St John University,227,2022,545,2035,28,0,354208,7820
University of Gloucestershire,274,2022,3070,30046,393,0,352936,
Cranfield University,1108,2016,13030,35866,3758,512,352718,13020
Cranfield University,1076,2015,12602,37486,3673,474,352486,12480
London Metropolitan University,195,2018,1039,46389,68,0,350648,7100
The University of Winchester,261,2021,691,11226,0,0,345180,10040
The University of Bolton,146,2018,92,6424,242,0,344272,5220
The University of Winchester,410,2022,671,9024,82,0,342400,10580
University of Gloucestershire,210,2017,2072,6166,615,0,339868,10160
Buckinghamshire New University,72,2018,857,9679,24,0,338160,5680
The University of Winchester,255,2020,498,5804,0,0,337392,9560
Bath Spa University,168,2017,266,2071,526,300,335816,9920
London School of Hygiene and Tropical Medicine,2579,2015,10079,23725,47095,1,335598,10760
University of Gloucestershire,188,2018,2286,6679,714,0,335056,10120
Bath Spa University,144,2018,458,1834,459,494,333024,10240
The University of Huddersfield,881,2016,3215,3741,4120,14,330624,15960
Bath Spa University,151,2019,44,2668,410,311,329980,8780
University of Derby,334,2016,1993,13042,1400,0,329526,22480
The University of Huddersfield,715,2015,2847,4762,5397,17,325198,15600
Aston University,1108,2016,4227,8960,10875,65,324746,12860
University of Gloucestershire,242,2021,3424,20391,287,0,323968,
The University of Winchester,260,2019,439,4291,1,0,323624,9680
The University of Winchester,244,2018,528,6484,9,0,322100,9960
Bath Spa University,117,2020,402,11696,0,111,321816,9300
University of Gloucestershire,247,2020,2308,15741,241,0,321008,
The University of Winchester,231,2017,471,3510,0,0,315932,10120
University for the Creative Arts,23,2020,161,0,0,0,315052,
York St John University,187,2021,706,2772,6,0,311812,7680
Keele University,1078,2016,6650,38421,6692,61,311464,16660
University of Gloucestershire,200,2019,2475,8184,128,0,311336,
Bournemouth University,925,2016,1486,32710,1286,12,310260,14640
Royal College of Art,93,2020,667,5365,3032,0,306720,4280
University of Derby,307,2015,1598,11584,1429,0,304624,23320
London Business School,168,2015,0,126691,0,16,304268,6100
London Business School,170,2016,0,115007,0,19,304124,6240
Bournemouth University,681,2015,2283,29084,1984,62,300970,14760
Aston University,983,2015,3752,11668,8226,4,300642,12280
The University of Law,4,2018,,,,,299796,
Royal College of Art,88,2018,3385,6199,1451,3,299052,3720
Royal College of Art,93,2019,2574,2940,2166,0,299032,4000
Keele University,959,2015,6272,27443,6657,25,297152,16420
Falmouth University,34,2022,119,320,478,0,295612,
University of Cumbria,95,2022,613,110796,175,0,294592,9040
University College Birmingham,6,2022,311,944,0,0,292640,4680
London South Bank University,371,2016,2188,111346,2489,0,288958,15940
Bangor University,921,2015,6810,44587,4830,37,286884,17680
Bangor University,973,2016,6056,61833,6771,81,286760,17640
The University of Lincoln,626,2016,6308,64785,3979,0,286220,15840
York St John University,159,2020,594,2589,0,0,285920,7160
University of Suffolk,92,2019,191,7459,269,0,284216,4200
University for the Creative Arts,27,2019,49,939,0,0,282280,
University of Cumbria,102,2021,451,224995,104,0,281296,8360
York St John University,166,2018,513,6286,0,0,280304,6920
The University of Lincoln,501,2015,5827,66011,2789,0,277254,13720
London South Bank University,339,2015,2116,102607,1165,0,276356,12800
The University of East London,391,2015,1135,10992,0,0,276022,13840
York St John University,194,2019,470,4586,0,0,275300,7160
Teesside University,389,2016,6526,197899,1607,0,270112,14280
Canterbury Christ Church University,272,2015,3430,8229,0,0,269666,14360
Canterbury Christ Church University,322,2016,3188,6336,27,0,268108,15040
University for the Creative Arts,40,2018,33,2544,0,0,264700,6720
The University of East London,462,2016,1016,7903,0,0,264620,13640
The University of Chichester,114,2022,922,812,49,0,263836,
The University of Northampton,217,2016,4139,6954,199,5,263734,10580
Teesside University,325,2015,6835,255020,1794,0,260210,14400
Falmouth University,48,2018,112,154,775,0,259312,4200
The University of Northampton,234,2015,1996,8334,75,2,259086,10920
York St John University,152,2017,735,4903,0,0,257224,6320
Leeds Trinity University,93,2022,235,1844,0,13,256920,5280
The University of Sunderland,165,2015,794,8448,215,9,256576,15460
Edge Hill University,401,2015,2012,10444,0,0,256254,15760
The University of Chichester,110,2021,687,574,0,0,255148,
Edge Hill University,440,2016,1666,9718,0,0,254730,15840
Falmouth University,36,2021,141,52,413,0,252420,
The University of Sunderland,179,2016,1016,11988,45,9,250998,14000
University for the Creative Arts,21,2017,28,635,0,0,249708,6560
Aberystwyth University,702,2016,3690,9565,2101,203,249546,17700
University College Birmingham,6,2021,130,685,0,0,249200,4200
Falmouth University,40,2019,33,40,861,0,249120,
Staffordshire University,262,2016,8755,10378,132,2,248114,12760
The University of Bradford,617,2015,2376,17537,3912,100,248044,14380
Arden University,13,2021,0,0,0,0,247440,
University of Cumbria,85,2020,439,158653,42,1499,246736,8000
Aberystwyth University,699,2015,2323,15838,3662,156,246352,17200
Falmouth University,61,2017,36,769,875,0,246192,3940
Edinburgh Napier University,403,2016,2495,10405,1627,0,244964,13940
Royal College of Art,93,2017,1890,1572,1863,18,244320,3340
University of Chester,355,2016,3252,31788,412,1,242532,13520
Solent University,68,2015,661,135119,272,0,239658,12040
The University of Chichester,124,2020,498,440,0,0,239312,
University of Chester,296,2015,4578,32426,0,1,238826,14360
University of Wales Trinity Saint David,108,2016,638,11847,0,19,238680,12720
University of Cumbria,76,2018,520,47340,2,0,238300,8280
University of Cumbria,104,2017,565,28131,0,0,236532,8240
Roehampton University,439,2016,1002,5525,0,0,235566,11480
Solent University,112,2016,898,128575,312,0,235268,12120
Falmouth University,32,2020,21,43,607,0,235160,
The University of Stirling,1033,2016,3485,40993,427,12,234674,15960
Edinburgh Napier University,330,2015,2699,10413,1252,0,234300,13840
Liverpool Hope University,238,2022,406,6352,0,0,232972,
Glasgow Caledonian University,483,2015,4822,10160,377,0,232570,13120
Liverpool Hope University,216,2021,362,9722,0,0,232476,
Glasgow Caledonian University,544,2016,5587,13974,387,0,232322,13100
"St Mary's University, Twickenham",175,2022,2606,5226,0,18,230588,6880
Goldsmiths College,664,2016,1914,11719,2747,0,229572,13700
Buckinghamshire New University,115,2017,528,15598,557,0,229340,5760
Staffordshire University,233,2015,7484,8622,223,12,227854,13440
University of Bedfordshire,358,2015,2345,32775,1868,0,226830,10520
The University of Bradford,617,2016,2324,18958,3594,58,226816,13440
The University of Stirling,904,2015,3980,48509,1000,0,226508,16640
The University of Chichester,121,2017,1436,1180,0,0,225716,7900
University of Cumbria,83,2019,316,92886,0,0,225572,8080
University College Birmingham,10,2020,13,0,0,0,225524,4600
University of Bedfordshire,320,2016,2484,40776,2481,0,225074,9720
University of Suffolk,87,2018,429,7724,364,0,224564,3920
The University of Chichester,148,2018,1344,1150,0,0,222088,7360
University of the Highlands and Islands,116,2016,4941,27524,7381,0,220484,1800
Liverpool Hope University,227,2020,461,5174,0,3,220048,
The University of Chichester,121,2019,1486,838,0,0,219512,
Leeds Trinity University,53,2021,7,2593,0,22,218236,4320
Regent College London,44,2022,0,0,0,0,218012,
"St Mary's University, Twickenham",176,2021,2157,4340,0,58,217432,6960
Birkbeck College,1015,2016,477,50080,470,4,217190,14300
Birkbeck College,922,2015,199,746,231,1,216174,15020
London Metropolitan University,232,2015,1318,50246,179,0,213132,9620
University College Birmingham,5,2018,47,0,0,0,212816,5060
The University of Bolton,155,2017,88,6905,119,1,212508,5240
University College Birmingham,7,2019,71,0,0,0,211448,5020
University College Birmingham,5,2017,57,0,0,0,211332,4840
Roehampton University,314,2015,1057,2983,0,0,210982,9560
The Arts University Bournemouth,8,2022,843,1482,287,0,210640,5040
"St Mary's University, Twickenham",150,2017,2335,5739,0,82,210180,7280
Liverpool Hope University,226,2017,533,8890,0,0,210072,5780
"St Mary's University, Twickenham",139,2018,2465,5685,0,159,209448,6400
University of Wales Trinity Saint David,87,2015,556,14307,99,10,209300,11980
Liverpool Hope University,260,2018,522,6984,35,0,209192,5580
"St Mary's University, Twickenham",129,2020,990,4902,0,43,208320,6800
Hartpury University,53,2022,1513,1467,0,0,208116,3880
Goldsmiths College,517,2015,1893,14981,3088,1,207938,13100
University of the Highlands and Islands,75,2015,4888,27854,8752,1,207798,1820
Harper Adams University,154,2022,1742,4089,1912,357,207100,
"St Mary's University, Twickenham",131,2019,1075,4299,0,0,205108,6760
Glasgow School of Art,66,2019,1952,3266,214,0,204848,4120
"Queen Margaret University, Edinburgh",194,2022,940,9322,0,0,204468,4480
London Metropolitan University,275,2016,1067,48279,245,0,204156,8120
Liverpool Hope University,196,2019,407,7116,8,0,202684,
Glasgow School of Art,53,2018,1375,5939,201,0,202220,4240
Cardiff Metropolitan University,265,2016,3453,29054,859,0,199742,12280
Cardiff Metropolitan University,225,2015,2476,28439,2126,0,196520,11960
The Arts University Bournemouth,9,2021,895,1266,0,0,195280,4720
Robert Gordon University,284,2015,2110,13798,866,24,194826,12600
Hartpury University,75,2021,1590,1262,12,0,194004,3880
"Queen Margaret University, Edinburgh",206,2021,846,7970,0,0,193268,4200
The University of West London,147,2016,1384,5614,0,1821,191730,10480
Glasgow School of Art,50,2022,1377,2494,77,0,188440,4920
University of Worcester,219,2016,1601,5168,508,0,187976,17980
Robert Gordon University,285,2016,1803,12212,1401,9,187678,11880
University of Worcester,189,2015,1437,1896,433,0,183170,16680
Leeds Trinity University,75,2020,6,1821,0,13,182620,3960
Harper Adams University,154,2021,1988,4107,1280,365,181956,
Glasgow School of Art,48,2021,1044,1590,83,0,177340,4560
Harper Adams University,102,2018,1980,6980,1639,428,176740,4700
SOAS University of London,528,2016,1309,91796,55,321,176536,9640
"Queen Margaret University, Edinburgh",157,2020,657,6806,0,0,176124,3900
The University of West London,107,2015,1363,3540,18,0,174368,9880
SOAS University of London,468,2015,394,80465,0,294,173526,9680
The Arts University Bournemouth,4,2017,97,2508,0,0,172588,4440
The Arts University Bournemouth,13,2019,66,1886,9,0,172348,4600
Regent College London,50,2021,0,0,0,0,171544,
The Arts University Bournemouth,9,2018,180,1992,0,0,170644,4560
Hartpury University,68,2020,819,900,8,0,169504,3600
Harper Adams University,127,2020,1754,1778,1260,375,167608,
University of Gloucestershire,175,2016,1022,3680,686,0,166000,10400
Bath Spa University,149,2016,23,2103,1623,0,165582,9200
Harper Adams University,121,2019,1663,6215,1164,389,164808,
The Arts University Bournemouth,12,2020,84,60,23,0,164424,4360
Abertay University,155,2022,756,226,2634,0,163712,3680
Harper Adams University,114,2017,1731,6203,1568,509,162620,4640
Glasgow School of Art,58,2017,1614,6476,206,0,162320,4160
"Queen Margaret University, Edinburgh",130,2019,582,6362,0,0,161748,3680
University of Suffolk,102,2017,378,3871,80,0,160900,3540
Guildhall School of Music and Drama,7,2022,680,6306,0,1,160296,7000
Hartpury University,45,2018,1591,992,0,0,160256,3160
Hartpury University,37,2019,1141,941,4,0,159736,3440
Ravensbourne University London,1,2022,88,0,0,0,158716,3220
"Queen Margaret University, Edinburgh",158,2018,693,7210,0,1,158072,3880
Liverpool School of Tropical Medicine,485,2015,20097,41070,0,50,156740,3360
Glasgow School of Art,38,2015,2287,9490,145,0,154630,3580
Glasgow School of Art,61,2020,1555,1149,85,0,153440,4340
University of Gloucestershire,146,2015,663,3542,565,0,153374,10480
Abertay University,135,2021,692,312,6288,0,152708,3760
Bath Spa University,86,2015,237,289,1255,0,151162,8920
The University of Winchester,224,2016,417,5519,0,0,149984,9960
"Queen Margaret University, Edinburgh",170,2017,499,9872,0,2,148136,3920
Arden University,15,2020,0,0,0,0,147376,
Abertay University,156,2020,428,377,6993,0,146488,3760
Guildhall School of Music and Drama,8,2021,289,1882,0,0,145808,7480
Leeds Trinity University,73,2019,13,1342,0,13,145624,3400
Hartpury University,26,2017,1165,915,0,0,141624,
Abertay University,180,2019,457,18,2917,0,141172,3840
The University of Winchester,162,2015,350,7525,0,0,140758,9660
Royal College of Music,24,2017,508,4892,0,0,139656,3480
Abertay University,178,2018,280,174,1425,0,139056,4000
Courtauld Institute of Art,18,2020,35,3636,0,12,137912,
Royal College of Music,15,2022,529,7194,0,0,136296,
Abertay University,158,2017,266,1352,756,0,135540,4120
Royal Academy of Music,7,2017,39,40,0,9,135488,3420
Guildhall School of Music and Drama,19,2018,276,577,0,0,132976,7160
Royal College of Music,20,2021,527,5687,0,0,132448,
Guildhall School of Music and Drama,13,2017,236,412,0,0,131948,6640
Leeds Trinity University,93,2018,43,3249,0,23,131752,3560
Guildhall School of Music and Drama,3,2019,108,944,0,0,131172,7080
Leeds Trinity University,102,2017,35,4015,0,13,130848,3560
Buckinghamshire New University,80,2015,1917,19028,1,0,130766,6600
Royal Academy of Music,3,2021,168,110,0,1,130336,
Royal Academy of Music,5,2022,153,129,0,2,130100,
Courtauld Institute of Art,25,2019,33,2188,0,18,127568,
University of Cumbria,52,2015,261,39147,32,17,126026,8440
Royal College of Art,86,2016,2699,1186,2004,20,125786,3180
Royal College of Music,163,2018,427,4388,0,0,125680,3400
Norwich University of the Arts,5,2022,281,675,0,0,124560,
Buckinghamshire New University,87,2016,700,20545,365,0,123822,6440
University for the Creative Arts,20,2016,39,97,0,0,122858,6560
University of Cumbria,90,2016,568,29949,0,5,120666,9080
Royal Academy of Music,7,2020,14,0,0,1,120292,
Courtauld Institute of Art,34,2018,0,3704,0,14,119668,1120
York St John University,146,2016,545,4495,50,0,118562,6020
Courtauld Institute of Art,21,2022,303,3249,0,25,117900,
York St John University,100,2015,349,3673,206,0,117368,6340
Regent College London,53,2020,0,0,0,0,117344,
Royal Northern College of Music,11,2021,338,4871,755,0,116624,3760
University for the Creative Arts,22,2015,44,638,0,0,116342,6340
Royal College of Music,33,2019,214,5226,0,0,116064,
Royal College of Music,23,2020,55,5758,0,0,115460,
Norwich University of the Arts,4,2021,186,618,0,0,114856,
Ravensbourne University London,10,2020,103,852,0,0,113376,3320
The University of Chichester,110,2016,1282,1634,3,0,112548,7480
Ravensbourne University London,3,2018,193,427,45,0,110908,3040
Royal Conservatoire of Scotland,11,2022,80,4591,113,0,110600,4400
Ravensbourne University London,3,2021,139,0,0,0,110456,3120
Falmouth University,50,2016,45,781,565,0,110174,4180
Ravensbourne University London,6,2019,177,669,131,0,109952,3040
Ravensbourne University London,3,2017,331,295,118,0,107884,2720
Norwich University of the Arts,14,2020,90,493,87,0,106084,
The University of Chichester,93,2015,755,1950,76,0,105694,7120
Royal Northern College of Music,10,2022,738,14308,701,0,105128,3880
Royal Conservatoire of Scotland,13,2021,39,3776,126,0,104988,4200
"St Mary's University, Twickenham",106,2016,1925,5115,0,138,104656,7540
Royal Academy of Music,5,2019,76,0,0,5,104636,
University College Birmingham,4,2016,74,0,0,0,104066,5000
University College Birmingham,12,2015,40,0,0,0,103424,4740
Royal Academy of Music,5,2018,121,0,0,9,103156,3600
Courtauld Institute of Art,27,2021,197,3296,0,17,103108,
Leeds Arts University,15,2022,0,0,0,0,102928,
Liverpool Hope University,195,2015,309,7936,0,0,102646,5560
Liverpool Hope University,262,2016,351,10703,0,0,102614,5720
"St Mary's University, Twickenham",97,2015,1508,4711,0,0,101880,6720
Royal Conservatoire of Scotland,3,2020,114,2581,0,0,101724,4040
Royal Conservatoire of Scotland,8,2019,161,2676,0,0,101384,4160
Leeds Arts University,4,2021,0,0,0,0,100264,1400
Leeds Arts University,11,2020,0,0,0,0,100092,1500
The University of Bolton,155,2016,89,6652,186,1,99320,5200
Bishop Grosseteste University,41,2017,77,386,0,0,98980,2720
Falmouth University,33,2015,44,638,421,0,98698,4000
Guildhall School of Music and Drama,14,2020,206,1592,0,0,97836,7400
Norwich University of the Arts,13,2019,216,404,112,0,97240,
Royal Conservatoire of Scotland,15,2018,68,3618,0,0,97132,4220
Bishop Grosseteste University,27,2018,190,700,0,0,97124,2800
Royal Northern College of Music,15,2018,1165,663,437,3,96724,4000
Norwich University of the Arts,3,2018,296,697,83,0,96260,2840
The Royal Central School of Speech and Drama,23,2022,6,5564,237,0,96108,1560
Arden University,8,2019,0,0,0,0,95844,
Leeds Arts University,4,2019,0,0,0,0,95184,2360
Royal Conservatoire of Scotland,4,2017,92,3872,0,0,94672,4040
The University of Bolton,170,2015,98,7838,168,1,94658,5060
Courtauld Institute of Art,35,2017,0,3415,0,36,94152,1080
Royal Agricultural University,36,2017,154,1494,0,1,93984,1760
Royal College of Art,73,2015,2335,926,1976,14,92810,3180
Norwich University of the Arts,6,2017,218,562,97,0,92484,2800
Royal Northern College of Music,14,2017,972,1054,974,10,92208,3880
Bishop Grosseteste University,50,2020,207,0,0,0,90972,2640
Bishop Grosseteste University,55,2019,252,69,0,0,90608,2580
Royal Northern College of Music,18,2020,39,2437,655,3,90540,4040
Royal Northern College of Music,7,2019,661,627,141,3,90288,4080
The National Film and Television School,2,2022,731,5378,0,29,88984,
Bishop Grosseteste University,55,2021,242,0,0,0,87332,2800
Harper Adams University,98,2016,2452,7799,1521,542,85368,4300
Bishop Grosseteste University,56,2022,151,306,99,0,84992,2360
Royal Agricultural University,21,2018,186,1487,0,0,84172,1920
Leeds Arts University,7,2018,0,0,0,0,83336,2260
The Royal Central School of Speech and Drama,27,2021,30,5213,405,0,82212,1560
Glasgow School of Art,40,2016,2016,9941,163,0,81592,3760
The Arts University Bournemouth,8,2016,63,2552,0,0,81066,4200
Royal Agricultural University,49,2022,466,3571,278,263,81056,
The Royal Central School of Speech and Drama,31,2019,128,1866,507,0,79320,1480
The Royal Central School of Speech and Drama,22,2018,165,2456,476,0,78968,1440
"Queen Margaret University, Edinburgh",156,2016,1047,11110,106,2,78304,3740
Harper Adams University,72,2015,1786,7011,1820,588,78166,4320
University of Suffolk,41,2016,326,3602,0,0,76904,3520
The Royal Central School of Speech and Drama,39,2017,405,2492,179,0,76564,1340
University College of Estate Management,8,2022,36,1083,0,3,76144,
Royal Agricultural University,45,2021,522,3648,40,327,76056,
The Arts University Bournemouth,4,2015,70,2870,0,0,75540,4000
The Royal Central School of Speech and Drama,48,2020,61,3173,914,0,75332,1440
University of Suffolk,36,2015,252,4589,0,0,74768,3440
Leeds Arts University,6,2017,0,0,0,0,74284,2120
"Queen Margaret University, Edinburgh",138,2015,432,9717,197,5,73240,3800
Royal College of Music,20,2016,518,3928,0,0,71862,3360
Royal Agricultural University,32,2019,301,1079,2,1,71144,
Abertay University,167,2016,259,1930,797,0,69342,4140
Abertay University,158,2015,359,1469,716,0,68600,4340
Royal Agricultural University,44,2020,521,2207,0,458,67868,
Leeds Trinity University,69,2016,31,3958,0,19,65316,3720
Leeds Conservatoire,3,2022,73,0,0,0,65228,2400
University College of Estate Management,7,2020,0,1945,28,2,64980,
Arden University,3,2018,,,,,64468,
Guildhall School of Music and Drama,18,2016,185,171,46,0,63856,6320
University College of Estate Management,1,2019,0,1221,87,1,62428,
Leeds Conservatoire,4,2021,40,0,0,0,62200,2840
Leeds Trinity University,38,2015,45,6452,0,18,61934,3440
The National Film and Television School,2,2017,816,6274,0,15,60932,900
The National Film and Television School,1,2019,278,1900,0,22,60784,
University College of Estate Management,3,2018,,,,,58344,
University College of Estate Management,5,2017,,,,,56360,
Stranmillis University College,9,2022,272,88,0,0,55452,
Royal Academy of Music,5,2015,12,0,0,9,54506,3260
Regent College London,33,2019,,,,,54224,
Leeds Conservatoire,1,2019,20,0,0,0,52952,2900
The Liverpool Institute for Performing Arts,1,2019,214,0,0,0,52692,
The Liverpool Institute for Performing Arts,2,2022,23,0,0,0,52524,
Stranmillis University College,14,2021,192,198,0,0,52044,
Ravensbourne University London,5,2016,302,341,112,0,51878,2800
Guildhall School of Music and Drama,3,2015,131,190,106,0,51802,5840
The Liverpool Institute for Performing Arts,1,2021,229,0,0,0,51432,
Ravensbourne University London,6,2015,188,143,19,0,50546,2320
Leeds Conservatoire,1,2017,,,,,50216,
Leeds Conservatoire,1,2018,33,0,0,0,49264,2640
Royal Academy of Music,6,2016,26,0,0,7,49046,3360
Stranmillis University College,11,2018,45,124,0,0,48852,1480
Royal College of Music,7,2015,482,4279,0,0,48838,3280
Stranmillis University College,12,2020,61,220,0,0,48824,
Stranmillis University College,7,2017,25,154,0,0,48104,1500
Stranmillis University College,13,2016,196,70,0,0,47566,1520
Stranmillis University College,10,2019,36,114,0,0,46172,
Royal Conservatoire of Scotland,9,2016,132,3359,0,0,45452,4360
Norwich University of the Arts,21,2016,156,79,6,0,45330,2640
Bishop Grosseteste University,19,2016,48,288,0,0,44228,2400
Royal Northern College of Music,6,2016,922,1009,116,14,43776,3940
Norwich University of the Arts,5,2015,303,32,8,0,41688,2360
Royal Northern College of Music,3,2015,780,1519,150,11,41630,4000
Royal Conservatoire of Scotland,7,2015,194,3570,0,0,41244,3680
Bishop Grosseteste University,24,2015,9,350,0,0,40872,2300
Regent College London,52,2018,,,,,40816,
St Mary's University College,6,2022,0,0,0,0,40560,1160
St Mary's University College,6,2021,0,0,0,0,39420,1180
Royal Agricultural University,35,2016,238,1336,0,0,39384,1800
Courtauld Institute of Art,26,2016,33,4371,0,30,38958,1100
The Royal Central School of Speech and Drama,21,2016,289,1728,114,0,38744,1360
Regent College London,57,2017,,,,,38316,
St Mary's University College,18,2020,0,0,0,0,38020,1180
St Mary's University College,6,2019,0,0,0,0,37192,1200
St Mary's University College,3,2018,0,0,0,0,36576,1240
Courtauld Institute of Art,24,2015,105,1091,0,25,36526,1020
Royal Agricultural University,24,2015,576,1586,0,2,36502,1780
St Mary's University College,2,2017,0,0,0,0,35748,1220
Leeds Arts University,2,2016,0,0,0,0,33616,2120
The Royal Central School of Speech and Drama,13,2015,6,2734,341,0,31826,1260
Leeds Arts University,3,2015,0,0,0,0,31450,2180
The National Film and Television School,1,2016,732,5508,0,40,30472,800
Stranmillis University College,12,2015,198,74,0,0,25598,1520
The University College of Osteopathy,15,2018,137,1928,0,0,22560,1140
The University College of Osteopathy,23,2022,74,1289,0,0,22428,
The University College of Osteopathy,27,2021,84,1630,0,0,22180,
The University College of Osteopathy,14,2017,0,1938,0,0,21868,1140
The Metanoia Institute,19,2021,0,0,142,0,21688,
The University College of Osteopathy,19,2020,31,1486,0,0,20748,
The Metanoia Institute,18,2022,0,0,169,0,20728,
The Liverpool Institute for Performing Arts,1,2016,199,0,0,0,20520,1420
The University College of Osteopathy,8,2019,54,1730,0,0,20184,
The Liverpool Institute for Performing Arts,1,2015,52,0,0,0,20156,1320
The Metanoia Institute,19,2020,0,0,117,0,17848,
St Mary's University College,7,2015,0,0,0,0,17780,1240
St Mary's University College,3,2016,0,0,0,0,17530,1200
The Metanoia Institute,20,2019,129,0,129,0,15152,
The Metanoia Institute,17,2018,,,,,13940,
Amity Global Education,2828,2019,0,0,0,0,13756,
The University College of Osteopathy,6,2016,2,1899,0,0,10940,1120
The University College of Osteopathy,11,2015,,,,,10912,
Amity Global Education,4516,2022,0,0,0,0,9476,
Amity Global Education,2221,2018,,,,,6096,
Amity Global Education,1826,2017,,,,,6028,
Amity Global Education,3960,2021,0,0,0,0,5124,
Amity Global Education,3150,2020,0,0,0,0,4528,
